Marche;Origine;Heure;Terminus;Heure
Ligne Marseille - Briançon;;;;
17353;Veynes-Dévoluy - BV;12.46;Briançon - 00;14.25
17361;Veynes-Dévoluy - BV;16.59;Briançon - 00;18.32
17364;Briançon - 00;06.14;Veynes-Dévoluy - BV;07.51
17368;Briançon - 00;09.40;Veynes-Dévoluy - BV;11.13
17376;Briançon - 00;15.14;Veynes-Dévoluy - BV;16.44
880693;Sisteron - BV;05.47;Marseille-St-Charles - BV;07.49
17421;Gap - BV;05.07;Marseille-St-Charles - BV;08.19
17425;Gap - BV;05.37;Marseille-St-Charles - BV;08.48
17400;Marseille-St-Charles - BV;07.41;Briançon - 00;12.07
17433;Briançon - 00;08.27;Marseille-St-Charles - BV;12.49
17404;Marseille-St-Charles - BV;13.11;Briançon - 00;17.51
17437;Briançon - 00;12.47;Marseille-St-Charles - BV;17.19
17408;Marseille-St-Charles - BV;16.41;Briançon - 00;21.27
880692;Marseille-St-Charles - BV;17.41;Sisteron - BV;19.45
17416;Marseille-St-Charles - BV;18.41;Gap - BV;21.49
17445;Briançon - 00;17.26;Marseille-St-Charles - BV;21.49
17455;Veynes-Dévoluy - BV;09.03;Briançon - 00;10.59
Ligne Intervilles Marseille - Lyon ;;;;
17700;Marseille-St-Charles - BV;06.50;Lyon-Part-Dieu - BV;10.40
17701;Lyon-Part-Dieu - BV;07.20;Marseille-St-Charles - BV;11.13
17702;Marseille-St-Charles - BV;12.53;Lyon-Part-Dieu - BV;16.40
17703;Lyon-Part-Dieu - BV;12.20;Marseille-St-Charles - BV;16.13
17704;Marseille-St-Charles - BV;16.52;Lyon-Part-Dieu - BV;20.40
17705;Lyon-Part-Dieu - BV;17.20;Marseille-St-Charles - BV;21.11
Ligne Marseille - Avignon via Rognac;;;;
879102;Marseille-St-Charles - BV;07.18;Miramas - BV;07.51
879103;Miramas - BV;06.03;Marseille-St-Charles - BV;06.48
879106;Marseille-St-Charles - BV;09.40;Miramas - BV;10.23
879109;Miramas - BV;17.25;Marseille-St-Charles - BV;18.11
879110;Marseille-St-Charles - BV;21.40;Miramas - BV;22.26
Ligne Avignon TGV - Capentras;;;;
879302;Avignon-TGV - BV;06.08;Carpentras - BV;06.48
879303;Avignon - BV;05.39;Avignon-TGV - BV;05.44
879306;Avignon-TGV - BV;06.40;Carpentras - BV;07.19
879307;Carpentras - BV;06.06;Avignon-TGV - BV;06.44
879310;Avignon-TGV - BV;07.09;Carpentras - BV;07.50
879311;Carpentras - BV;07.06;Avignon-TGV - BV;07.45
879313;Avignon - BV;07.20;Avignon-TGV - BV;07.26
879314;Avignon-TGV - BV;07.38;Carpentras - BV;08.20
879315;Carpentras - BV;07.35;Avignon-TGV - BV;08.17
879318;Avignon-TGV - BV;08.08;Carpentras - BV;08.50
879319;Carpentras - BV;08.06;Avignon-TGV - BV;08.44
879322;Avignon-TGV - BV;09.08;Carpentras - BV;09.48
879323;Carpentras - BV;08.35;Avignon-TGV - BV;09.17
879324;Avignon-TGV - BV;09.38;Avignon - BV;09.43
879325;Carpentras - BV;09.06;Avignon-TGV - BV;09.44
879327;Carpentras - BV;10.06;Avignon-TGV - BV;10.44
879328;Avignon-TGV - BV;10.09;Carpentras - BV;10.48
879331;Avignon - BV;11.12;Avignon-TGV - BV;11.18
879332;Avignon-TGV - BV;11.09;Avignon - BV;11.14
879335;Avignon - BV;11.39;Avignon-TGV - BV;11.45
879336;Avignon-TGV - BV;11.38;Avignon - BV;11.43
879339;Carpentras - BV;12.06;Avignon-TGV - BV;12.44
879340;Avignon-TGV - BV;12.08;Carpentras - BV;12.48
879343;Avignon - BV;13.11;Avignon-TGV - BV;13.17
879344;Avignon-TGV - BV;13.08;Carpentras - BV;13.48
879347;Carpentras - BV;13.06;Avignon-TGV - BV;13.44
879348;Avignon-TGV - BV;13.38;Avignon - BV;13.43
879350;Avignon-TGV - BV;14.08;Carpentras - BV;14.50
879351;Avignon - BV;14.39;Avignon-TGV - BV;14.44
879353;Carpentras - BV;14.34;Avignon-TGV - BV;15.17
879354;Avignon-TGV - BV;15.08;Carpentras - BV;15.48
879357;Carpentras - BV;15.06;Avignon-TGV - BV;15.44
879358;Avignon-TGV - BV;15.38;Avignon - BV;15.43
879361;Carpentras - BV;16.06;Avignon-TGV - BV;16.44
879362;Avignon-TGV - BV;16.08;Carpentras - BV;16.48
879364;Avignon - BV;16.35;Carpentras - BV;17.03
879365;Avignon - BV;17.11;Avignon-TGV - BV;17.17
879366;Avignon-TGV - BV;16.38;Avignon - BV;16.43
879369;Carpentras - BV;17.06;Avignon-TGV - BV;17.44
879370;Avignon-TGV - BV;17.08;Carpentras - BV;17.50
879371;Carpentras - BV;17.33;Avignon-TGV - BV;18.17
879374;Avignon-TGV - BV;17.38;Carpentras - BV;18.20
879375;Carpentras - BV;18.06;Avignon-TGV - BV;18.44
879378;Avignon-TGV - BV;18.08;Carpentras - BV;18.48
879379;Avignon - BV;19.11;Avignon-TGV - BV;19.17
879380;Avignon-TGV - BV;19.53;Avignon - BV;19.57
879382;Avignon-TGV - BV;18.38;Avignon - BV;18.43
879383;Carpentras - BV;19.06;Avignon-TGV - BV;19.44
879386;Avignon-TGV - BV;19.08;Carpentras - BV;19.48
879387;Avignon - BV;20.11;Avignon-TGV - BV;20.17
879390;Avignon-TGV - BV;20.08;Carpentras - BV;20.48
879391;Carpentras - BV;20.06;Avignon-TGV - BV;20.51
879392;Avignon-TGV - BV;20.35;Avignon - BV;20.40
879394;Avignon-TGV - BV;21.08;Avignon - BV;21.13
879395;Carpentras - BV;20.58;Avignon - BV;21.28
Ligne Marseille - Avignon;;;;
879503;Avignon - BV;05.54;Marseille-St-Charles - BV;07.08
879510;Marseille-St-Charles - BV;07.40;Avignon - BV;09.05
879511;Avignon - BV;06.51;Marseille-St-Charles - BV;08.06
879522;Marseille-St-Charles - BV;10.40;Avignon - BV;12.02
879527;Avignon - BV;08.59;Marseille-St-Charles - BV;10.19
879538;Marseille-St-Charles - BV;14.39;Avignon - BV;16.04
879539;Avignon - BV;11.59;Marseille-St-Charles - BV;13.19
879542;Marseille-St-Charles - BV;15.40;Avignon - BV;16.59
879543;Avignon - BV;12.59;Marseille-St-Charles - BV;14.23
879546;Marseille-St-Charles - BV;17.57;Avignon - BV;19.09
879555;Avignon - BV;15.59;Marseille-St-Charles - BV;17.20
879570;Marseille-St-Charles - BV;20.37;Avignon - BV;22.02
879571;Avignon - BV;19.00;Marseille-St-Charles - BV;20.23
879577;Avignon - BV;21.00;Marseille-St-Charles - BV;22.25
879582;Miramas - BV;06.23;Avignon - BV;07.05
879602;Miramas - BV;06.19;Avignon - BV;07.28
879603;Avignon - BV;05.30;Marseille-St-Charles - BV;07.23
879607;Avignon - BV;05.59;Marseille-St-Charles - BV;07.47
879610;Marseille-St-Charles - BV;06.32;Avignon - BV;08.31
879611;Avignon - BV;06.28;Marseille-St-Charles - BV;08.19
879614;Marseille-St-Charles - BV;07.03;Avignon - BV;08.56
879615;Avignon - BV;06.59;Marseille-St-Charles - BV;08.46
879618;Marseille-St-Charles - BV;08.06;Avignon-TGV - BV;10.17
879620;Marseille-St-Charles - BV;08.58;Avignon - BV;11.02
879621;Avignon - BV;07.32;Marseille-St-Charles - BV;09.21
879625;Avignon - BV;07.59;Marseille-St-Charles - BV;09.48
879626;Marseille-St-Charles - BV;12.06;Avignon-TGV - BV;14.17
879629/28;Avignon-TGV - BV;08.38;Marseille-St-Charles - BV;10.46
879630/31;Marseille-St-Charles - BV;14.06;Avignon-TGV - BV;16.17
879633/32;Avignon-TGV - BV;10.38;Marseille-St-Charles - BV;12.48
879634;Marseille-St-Charles - BV;16.06;Avignon - BV;17.56
879637/36;Avignon-TGV - BV;12.38;Marseille-St-Charles - BV;14.53
879638;Marseille-St-Charles - BV;16.37;Avignon - BV;18.31
879641/40;Avignon-TGV - BV;14.38;Marseille-St-Charles - BV;16.44
879642;Marseille-St-Charles - BV;16.58;Avignon - BV;18.56
879645;Avignon - BV;17.01;Marseille-St-Charles - BV;18.45
879646;Marseille-St-Charles - BV;17.32;Avignon - BV;19.31
879649;Avignon - BV;17.30;Marseille-St-Charles - BV;19.20
879650;Marseille-St-Charles - BV;18.03;Avignon - BV;19.57
879651;Avignon - BV;18.00;Marseille-St-Charles - BV;19.53
879653;Avignon - BV;19.00;Marseille-St-Charles - BV;20.45
879654;Marseille-St-Charles - BV;18.34;Avignon - BV;20.30
879656;Marseille-St-Charles - BV;19.33;Avignon - BV;21.31
879666;Marseille-St-Charles - BV;11.03;Cavaillon - BV;12.15
879667;Cavaillon - BV;12.30;Marseille-St-Charles - BV;13.46
879670;Marseille-St-Charles - BV;13.03;Cavaillon - BV;14.15
879671;Cavaillon - BV;14.33;Marseille-St-Charles - BV;15.49
879674;Marseille-St-Charles - BV;15.06;Cavaillon - BV;16.15
879675;Cavaillon - BV;16.33;Marseille-St-Charles - BV;17.48
879688;Miramas - BV;10.49;Avignon-TGV - BV;12.17
Ligne Marseille - Miramas via Côte Bleue;;;;
879703;Miramas - BV;05.34;Marseille-St-Charles - BV;07.02
879704;Marseille-St-Charles - BV;05.52;Miramas - BV;07.16
879707;Miramas - BV;06.08;Marseille-St-Charles - BV;07.37
879708;Marseille-St-Charles - BV;06.44;Miramas - BV;08.09
879711;Miramas - BV;06.34;Marseille-St-Charles - BV;08.02
879712;Marseille-St-Charles - BV;07.44;Miramas - BV;09.10
879715;Miramas - BV;07.08;Marseille-St-Charles - BV;08.37
879716;Marseille-St-Charles - BV;08.44;Miramas - BV;10.09
879719;Miramas - BV;07.34;Marseille-St-Charles - BV;09.02
879723;Miramas - BV;08.34;Marseille-St-Charles - BV;10.02
879724;Marseille-St-Charles - BV;10.52;Miramas - BV;12.16
879727;Miramas - BV;10.34;Marseille-St-Charles - BV;12.02
879728;Marseille-St-Charles - BV;12.49;Miramas - BV;14.16
879731;Miramas - BV;12.34;Marseille-St-Charles - BV;14.02
879732;Marseille-St-Charles - BV;14.15;Miramas - BV;15.43
879735;Miramas - BV;14.34;Marseille-St-Charles - BV;16.02
879738;Marseille-St-Charles - BV;16.23;Miramas - BV;17.51
879739;Miramas - BV;16.00;Marseille-St-Charles - BV;17.23
879740;Marseille-St-Charles - BV;16.40;Miramas - BV;18.16
879744;Marseille-St-Charles - BV;17.28;Miramas - BV;18.52
879745;Miramas - BV;16.44;Marseille-St-Charles - BV;18.10
879748;Marseille-St-Charles - BV;17.44;Miramas - BV;19.16
879749;Miramas - BV;17.44;Marseille-St-Charles - BV;19.13
879752;Marseille-St-Charles - BV;18.22;Miramas - BV;19.51
879755;Miramas - BV;18.44;Marseille-St-Charles - BV;20.12
879756;Marseille-St-Charles - BV;18.52;Miramas - BV;20.16
879760;Marseille-St-Charles - BV;19.52;Miramas - BV;21.16
Ligne Marseille - Aix en Provence;;;;
740014;Aix-en-Provence - BV;05.41;Pertuis - BV;06.05
880654;Aix-en-Provence - BV;06.11;Pertuis - BV;06.41
880107;Aix-en-Provence - BV;06.23;Marseille-St-Charles - BV;07.07
880109;Aix-en-Provence - BV;06.41;Marseille-St-Charles - BV;07.19
880655;Pertuis - BV;06.23;Marseille-St-Charles - BV;07.37
880104;Marseille-St-Charles - BV;06.23;Aix-en-Provence - BV;07.08
880113;Aix-en-Provence - BV;07.22;Marseille-St-Charles - BV;08.07
880108;Marseille-St-Charles - BV;06.53;Aix-en-Provence - BV;07.38
880657;Pertuis - BV;07.23;Marseille-St-Charles - BV;08.37
880110;Marseille-St-Charles - BV;07.11;Aix-en-Provence - BV;07.51
880112;Marseille-St-Charles - BV;07.23;Aix-en-Provence - BV;08.09
880115;Aix-en-Provence - BV;08.23;Marseille-St-Charles - BV;09.07
880116;Marseille-St-Charles - BV;07.53;Aix-en-Provence - BV;08.38
880119;Aix-en-Provence - BV;08.53;Marseille-St-Charles - BV;09.37
880120;Marseille-St-Charles - BV;08.23;Aix-en-Provence - BV;09.09
880122;Marseille-St-Charles - BV;08.53;Aix-en-Provence - BV;09.38
880123;Aix-en-Provence - BV;09.53;Marseille-St-Charles - BV;10.37
880126;Marseille-St-Charles - BV;09.23;Aix-en-Provence - BV;10.08
880131;Aix-en-Provence - BV;11.23;Marseille-St-Charles - BV;12.07
880135;Aix-en-Provence - BV;11.53;Marseille-St-Charles - BV;12.37
880136;Marseille-St-Charles - BV;11.23;Aix-en-Provence - BV;12.08
880138;Marseille-St-Charles - BV;11.53;Aix-en-Provence - BV;12.38
880141;Aix-en-Provence - BV;12.53;Marseille-St-Charles - BV;13.37
880666;Marseille-St-Charles - BV;12.23;Pertuis - BV;13.37
880142;Marseille-St-Charles - BV;12.53;Aix-en-Provence - BV;13.38
880149;Aix-en-Provence - BV;13.53;Marseille-St-Charles - BV;14.37
880152;Marseille-St-Charles - BV;13.53;Aix-en-Provence - BV;14.38
880671;Pertuis - BV;14.23;Marseille-St-Charles - BV;15.37
880154;Marseille-St-Charles - BV;14.53;Aix-en-Provence - BV;15.38
880163;Aix-en-Provence - BV;15.53;Marseille-St-Charles - BV;16.37
880165;Aix-en-Provence - BV;16.22;Marseille-St-Charles - BV;17.07
880158;Marseille-St-Charles - BV;15.53;Aix-en-Provence - BV;16.38
880167;Aix-en-Provence - BV;16.53;Marseille-St-Charles - BV;17.37
880162;Marseille-St-Charles - BV;16.23;Aix-en-Provence - BV;17.08
880169;Aix-en-Provence - BV;17.10;Marseille-St-Charles - BV;17.49
880171;Aix-en-Provence - BV;17.23;Marseille-St-Charles - BV;18.07
880164;Marseille-St-Charles - BV;16.53;Aix-en-Provence - BV;17.38
880173;Aix-en-Provence - BV;17.40;Marseille-St-Charles - BV;18.19
880674;Marseille-St-Charles - BV;17.11;Pertuis - BV;18.20
880175;Aix-en-Provence - BV;17.53;Marseille-St-Charles - BV;18.37
880168;Marseille-St-Charles - BV;17.23;Aix-en-Provence - BV;18.08
880179;Aix-en-Provence - BV;18.23;Marseille-St-Charles - BV;19.07
880170;Marseille-St-Charles - BV;17.53;Aix-en-Provence - BV;18.38
880172;Marseille-St-Charles - BV;18.11;Aix-en-Provence - BV;18.51
880183;Aix-en-Provence - BV;18.53;Marseille-St-Charles - BV;19.37
880677;Pertuis - BV;18.33;Aix-en-Provence - BV;19.04
880678;Marseille-St-Charles - BV;18.23;Pertuis - BV;19.36
880185;Aix-en-Provence - BV;19.23;Marseille-St-Charles - BV;20.07
880176;Marseille-St-Charles - BV;18.53;Aix-en-Provence - BV;19.38
880189;Aix-en-Provence - BV;19.53;Marseille-St-Charles - BV;20.37
880681;Pertuis - BV;19.52;Marseille-St-Charles - BV;21.07
880182;Marseille-St-Charles - BV;19.53;Aix-en-Provence - BV;20.37
880186;Marseille-St-Charles - BV;20.53;Aix-en-Provence - BV;21.38
880197;Aix-en-Provence - BV;22.00;Marseille-St-Charles - BV;22.42
880190;Marseille-St-Charles - BV;21.53;Aix-en-Provence - BV;22.38
Ligne Marseille - Aubagne;;;;
881005;Marseille-St-Charles - BV;06.08;Aubagne - 00;06.40
881008;Aubagne - 00;06.51;Marseille-St-Charles - BV;07.17
881009;Marseille-St-Charles - BV;06.38;Aubagne - 00;07.13
881012;Aubagne - 00;07.21;Marseille-St-Charles - BV;07.47
881013;Marseille-St-Charles - BV;07.08;Aubagne - 00;07.40
881016;Aubagne - 00;07.51;Marseille-St-Charles - BV;08.17
881017;Marseille-St-Charles - BV;07.38;Aubagne - 00;08.10
881020;Aubagne - 00;08.21;Marseille-St-Charles - BV;08.47
881021;Marseille-St-Charles - BV;08.08;Aubagne - 00;08.40
881024;Aubagne - 00;08.51;Marseille-St-Charles - BV;09.17
881025;Marseille-St-Charles - BV;08.38;Aubagne - 00;09.10
881028;Aubagne - 00;09.21;Marseille-St-Charles - BV;09.47
881029;Marseille-St-Charles - BV;09.08;Aubagne - 00;09.40
881032;Aubagne - 00;09.51;Marseille-St-Charles - BV;10.17
881033;Marseille-St-Charles - BV;09.38;Aubagne - 00;10.10
881036;Aubagne - 00;10.51;Marseille-St-Charles - BV;11.17
881057;Marseille-St-Charles - BV;15.43;Aubagne - 00;16.10
881060;Aubagne - 00;16.21;Marseille-St-Charles - BV;16.52
881061;Marseille-St-Charles - BV;16.13;Aubagne - 00;16.40
881064;Aubagne - 00;16.51;Marseille-St-Charles - BV;17.22
881065;Marseille-St-Charles - BV;16.43;Aubagne - 00;17.10
881068;Aubagne - 00;17.21;Marseille-St-Charles - BV;17.52
881069;Marseille-St-Charles - BV;17.13;Aubagne - 00;17.40
881072;Aubagne - 00;17.51;Marseille-St-Charles - BV;18.22
881073;Marseille-St-Charles - BV;17.43;Aubagne - 00;18.10
881076;Aubagne - 00;18.21;Marseille-St-Charles - BV;18.52
881077;Marseille-St-Charles - BV;18.13;Aubagne - 00;18.40
881080;Aubagne - 00;18.51;Marseille-St-Charles - BV;19.22
881081;Marseille-St-Charles - BV;18.43;Aubagne - 00;19.10
881084;Aubagne - 00;19.51;Marseille-St-Charles - BV;20.22
Ligne Marseille - Toulon - Hyères - Les Arcs Draguignan;;;;
881405;Marseille-St-Charles - BV;07.04;Toulon - BV;08.01
881409;Marseille-St-Charles - BV;08.02;Toulon - BV;09.02
881412;Toulon - BV;05.56;Marseille-St-Charles - BV;06.57
881416;Toulon - BV;06.22;Marseille-St-Charles - BV;07.15
881426;Toulon - BV;10.26;Marseille-St-Charles - BV;11.27
881439;Marseille-St-Charles - BV;12.20;Toulon - BV;13.32
881443;Marseille-St-Charles - BV;16.44;Toulon - BV;17.37
881449;Marseille-St-Charles - BV;19.02;Toulon - BV;20.02
881452;Toulon - BV;13.56;Marseille-St-Charles - BV;14.57
881459;Marseille-St-Charles - BV;19.43;Toulon - BV;21.02
881462;Toulon - BV;14.56;Marseille-St-Charles - BV;15.57
881475;Marseille-St-Charles - BV;21.07;Toulon - BV;22.07
881482;Toulon - BV;19.26;Marseille-St-Charles - BV;20.27
881600;Hyères - BV;06.02;Marseille-St-Charles - BV;07.27
881602;Hyères - BV;06.32;Marseille-St-Charles - BV;07.57
881603;Marseille-St-Charles - BV;06.02;Hyères - BV;07.27
881604;Hyères - BV;07.02;Marseille-St-Charles - BV;08.27
881605;Marseille-St-Charles - BV;06.32;Hyères - BV;07.57
881606;Hyères - BV;07.32;Marseille-St-Charles - BV;08.57
881607;Marseille-St-Charles - BV;07.32;Hyères - BV;08.57
881608;Hyères - BV;08.02;Marseille-St-Charles - BV;09.27
881609;Marseille-St-Charles - BV;08.32;Hyères - BV;09.57
881610;Hyères - BV;08.32;Marseille-St-Charles - BV;09.57
881611;Marseille-St-Charles - BV;09.32;Toulon - BV;10.32
881612;Hyères - BV;09.32;Marseille-St-Charles - BV;10.57
881613;Marseille-St-Charles - BV;10.02;Hyères - BV;11.27
881615;Marseille-St-Charles - BV;10.25;Toulon - BV;11.37
881616;Hyères - BV;11.02;Marseille-St-Charles - BV;12.27
881617;Marseille-St-Charles - BV;11.02;Hyères - BV;12.27
881618;Toulon - BV;11.56;Marseille-St-Charles - BV;12.57
881619;Marseille-St-Charles - BV;11.32;Toulon - BV;12.32
881620;Hyères - BV;12.02;Marseille-St-Charles - BV;13.36
881621;Marseille-St-Charles - BV;12.02;Hyères - BV;13.27
881622;Toulon - BV;12.56;Marseille-St-Charles - BV;13.57
881623;Marseille-St-Charles - BV;13.02;Hyères - BV;14.27
881624;Hyères - BV;13.02;Marseille-St-Charles - BV;14.36
881625;Marseille-St-Charles - BV;13.27;Toulon - BV;14.39
881626;Hyères - BV;14.02;Marseille-St-Charles - BV;15.39
881627;Marseille-St-Charles - BV;14.03;Hyères - BV;15.27
881628;Hyères - BV;15.02;Marseille-St-Charles - BV;16.27
881629;Marseille-St-Charles - BV;14.27;Toulon - BV;15.35
881630;Toulon - BV;15.56;Marseille-St-Charles - BV;16.57
881631;Marseille-St-Charles - BV;15.02;Hyères - BV;16.27
881632;Hyères - BV;16.02;Marseille-St-Charles - BV;17.27
881633;Marseille-St-Charles - BV;15.32;Toulon - BV;16.32
881634;Toulon - BV;16.52;Marseille-St-Charles - BV;17.53
881635;Marseille-St-Charles - BV;16.02;Hyères - BV;17.27
881636;Hyères - BV;17.02;Marseille-St-Charles - BV;18.28
881637;Marseille-St-Charles - BV;16.32;Hyères - BV;17.57
881638;Toulon - BV;17.56;Marseille-St-Charles - BV;18.57
881639;Marseille-St-Charles - BV;17.02;Hyères - BV;18.27
881640;Hyères - BV;18.02;Marseille-St-Charles - BV;19.27
881641;Marseille-St-Charles - BV;17.32;Hyères - BV;18.57
881642;Hyères - BV;18.32;Marseille-St-Charles - BV;19.57
881643;Marseille-St-Charles - BV;18.02;Hyères - BV;19.27
881644;Hyères - BV;19.32;Marseille-St-Charles - BV;20.57
881645;Marseille-St-Charles - BV;18.32;Hyères - BV;19.57
881646;Hyères - BV;20.32;Marseille-St-Charles - BV;21.57
881647;Marseille-St-Charles - BV;19.32;Hyères - BV;20.57
881649;Marseille-St-Charles - BV;20.32;Hyères - BV;21.57
881652;Toulon - BV;06.52;Marseille-St-Charles - BV;07.45
881655;Marseille-St-Charles - BV;17.15;Les Arcs-Draguignan - 00;19.20
881656;Les Arcs-Draguignan - 00;06.38;Marseille-St-Charles - BV;08.45
881657;Marseille-St-Charles - BV;17.43;Toulon - BV;18.37
Ligne Vallée du Rhône;;;;
886171;Lyon-Part-Dieu - BV;09.20;Avignon - BV;11.48
886173;Lyon-Part-Dieu - BV;10.20;Avignon - BV;12.52
886174;Avignon - BV;05.34;Mâcon-Ville - BV;09.25
886176;Avignon - BV;06.10;Lyon-Part-Dieu - BV;08.40
886180;Avignon - BV;06.34;Lyon-Perrache-Voyageurs - BV;09.20
886182;Avignon - BV;07.02;Lyon-Part-Dieu - BV;09.40
886183;Lyon-Perrache-Voyageurs - BV;15.38;Avignon - BV;18.27
886184;Avignon - BV;12.12;Lyon-Part-Dieu - BV;14.48
886187;Lyon-Part-Dieu - BV;16.20;Avignon - BV;19.05
886188;Avignon - BV;16.13;Lyon-Part-Dieu - BV;18.40
886189;Lyon-Perrache-Voyageurs - BV;17.38;Avignon - BV;20.27
886190;Avignon - BV;17.07;Lyon-Part-Dieu - BV;19.40
886191;Lyon-Part-Dieu - BV;18.20;Avignon - BV;20.52
886192;Avignon - BV;19.21;Lyon-Part-Dieu - BV;21.40
886195;Lyon-Part-Dieu - BV;19.20;Avignon - BV;22.09